Filename,Card Name,AI Prompt
core-cinder-pup.png,Glutpfote,"Fantasy trading card game illustration, digital-painterly style. A small wolf pup with glowing orange fur and paws that throw off bright sparks. Color palette: warm red and orange tones. Pure art motif, no text, no borders, no UI elements. Aspect ratio 4:3."
core-cinderborn-raider.png,Glutgeborener Plünderer,"Fantasy trading card game illustration, digital-painterly style. A raider born from embers and ash, rushing across the battlefield with limbs made of flickering fire. Color palette: warm red and orange tones, ash. Pure art motif, no text, no borders, no UI elements. Aspect ratio 4:3."
core-cinderbound-mark.png,Aschgebundenes Mal,"Fantasy trading card game illustration, digital-painterly style. A glowing brand mark made of ash clinging to a creature, driving it into a hasty, aggressive attack. Color palette: warm red and orange tones, smoldering ash. Pure art motif, no text, no borders, no UI elements. Aspect ratio 4:3."
core-cinderclad-raider.png,Aschgewandeter Räuber,"Fantasy trading card game illustration, digital-painterly style. A raider wrapped in ash-grey fur cloaks, plowing through enemy lines with brutal force. Color palette: warm red and orange tones with dominant grey ash. Pure art motif, no text, no borders, no UI elements. Aspect ratio 4:3."
core-cinderdrift-wing.png,Aschentrift-Schwinge,"Fantasy trading card game illustration, digital-painterly style. A flickering winged creature made of drifting ash, gliding silently through smoke-filled skies. Color palette: warm red and orange tones, dark smoke, grey ash. Pure art motif, no text, no borders, no UI elements. Aspect ratio 4:3."
core-cinderfall-idol.png,Aschfall-Idol,"Fantasy trading card game illustration, digital-painterly style. An ash-covered, weathered stone idol standing lonely amidst falling flakes of grey ash. Color palette: neutral stone material tones, grey ash flakes. Pure art motif, no text, no borders, no UI elements. Aspect ratio 4:3."
core-cinderforge-charm.png,Glutschmiede-Amulett,"Fantasy trading card game illustration, digital-painterly style. A glowing amulet made of forged embers, surrounding itself with a sparse, delicate ring of sparks. Color palette: warm red and intense orange tones. Pure art motif, no text, no borders, no UI elements. Aspect ratio 4:3."
core-cinderlash-brute.png,Glutpeitschen-Schläger,"Fantasy trading card game illustration, digital-painterly style. A muscular fire brute striking back with weapons formed of glowing fire whips when struck. Color palette: warm red and orange tones, embers. Pure art motif, no text, no borders, no UI elements. Aspect ratio 4:3."
core-cinderroot-brand.png,Aschwurzel-Brandmal,"Fantasy trading card game illustration, digital-painterly style. Charred, glowing root vines permanently wrapping around a creature's legs, driving it relentlessly forward. Color palette: warm red and orange tones, charred roots. Pure art motif, no text, no borders, no UI elements. Aspect ratio 4:3."
core-cinderwake-marauder.png,Aschwoge-Plünderer,"Fantasy trading card game illustration, digital-painterly style. A marauder formed from a roaring wave of fire, leaving a final explosive shower of sparks as it dissipates. Color palette: warm red and orange tones. Pure art motif, no text, no borders, no UI elements. Aspect ratio 4:3."
core-cinderwatch-raider.png,Aschwacht-Plünderer,"Fantasy trading card game illustration, digital-painterly style. A watchful raider with a soot-blackened spear keeping sharp lookout over glowing ruins. Color palette: warm red and orange tones, soot. Pure art motif, no text, no borders, no UI elements. Aspect ratio 4:3."
core-cinderwing-fledgling.png,Glutschwingen-Junges,"Fantasy trading card game illustration, digital-painterly style. A young fire creature with clumsy, spark-spraying wings practicing its first flights. Color palette: warm red and orange tones, embers. Pure art motif, no text, no borders, no UI elements. Aspect ratio 4:3."
core-cinderwrack-engine.png,Sengende Kriegsmaschine,"Fantasy trading card game illustration, digital-painterly style. A monstrous siege engine equipped with fire tubes, spewing searing fireballs on command. Color palette: neutral metallic tones, blazing orange fire. Pure art motif, no text, no borders, no UI elements. Aspect ratio 4:3."
core-cinderwrath-mantle.png,Aschzorn-Mantel,"Fantasy trading card game illustration, digital-painterly style. A wrath-ignited cloak of scorched fabric enveloping a creature in flickering rage. Color palette: warm red and orange tones. Pure art motif, no text, no borders, no UI elements. Aspect ratio 4:3."
core-clockwork-brooch.png,Uhrwerkbrosche,"Fantasy trading card game illustration, digital-painterly style. A delicate, ticking clockwork brooch made of polished brass with visible gears. Color palette: neutral material tones, polished brass, gold. Pure art motif, no text, no borders, no UI elements. Aspect ratio 4:3."
core-clockwork-mainspring.png,Uhrwerk-Triebfeder,"Fantasy trading card game illustration, digital-painterly style. A tightly wound, shiny metallic mainspring inside an opened clockwork mechanism. Color palette: neutral material tones, polished steel, brass. Pure art motif, no text, no borders, no UI elements. Aspect ratio 4:3."
core-corrosive-clamp.png,Zersetzende Klammer,"Fantasy trading card game illustration, digital-painterly style. A metal clamp corroded by rust and acid, with dripping greenish stains. Color palette: neutral material tones, rust, toxic green. Pure art motif, no text, no borders, no UI elements. Aspect ratio 4:3."
core-current-diplomat.png,Strömungsdiplomatin,"Fantasy trading card game illustration, digital-painterly style. An elegant diplomat formed of flowing water, gesturing expressively in the middle of rushing tides. Color palette: cool blue and turquoise tones. Pure art motif, no text, no borders, no UI elements. Aspect ratio 4:3."
core-current-seer.png,Strömungsseher,"Fantasy trading card game illustration, digital-painterly style. A translucent water spirit with glowing eyes gazing deeply into a calm water current. Color palette: cool blue and turquoise tones. Pure art motif, no text, no borders, no UI elements. Aspect ratio 4:3."
core-dawn-medic.png,Morgendliche Heilerin,"Fantasy trading card game illustration, digital-painterly style. A gentle healer in a simple white robe kneeling in the morning light next to a wounded person. Color palette: warm gold and white tones. Pure art motif, no text, no borders, no UI elements. Aspect ratio 4:3."
core-dawnblade-adept.png,Morgenklingen-Adeptin,"Fantasy trading card game illustration, digital-painterly style. A female adept with a blade gleaming in the morning light, attacking with practiced speed. Color palette: warm gold and white tones. Pure art motif, no text, no borders, no UI elements. Aspect ratio 4:3."
core-dawnborn-duelist.png,Morgengeborener Duellant,"Fantasy trading card game illustration, digital-painterly style. A duelist born at dawn entering the first battle of the day with a gold-kissed blade. Color palette: warm gold and white tones. Pure art motif, no text, no borders, no UI elements. Aspect ratio 4:3."
core-dawncast-shrine.png,Morgenzauber-Schrein,"Fantasy trading card game illustration, digital-painterly style. A simple shrine made of light marble catching the first warm rays of the morning sun. Color palette: warm gold and white tones, light marble. Pure art motif, no text, no borders, no UI elements. Aspect ratio 4:3."
core-dawnfeather-scout.png,Morgenfeder-Kundschafterin,"Fantasy trading card game illustration, digital-painterly style. A feather-light spirit scout gliding with golden feathers through the breaking dawn. Color palette: warm gold, soft pink, and white tones. Pure art motif, no text, no borders, no UI elements. Aspect ratio 4:3."
core-dawnglow-mercy.png,Morgenglanz-Gnade,"Fantasy trading card game illustration, digital-painterly style. A warm, golden glow flowing supportively over an exhausted warrior in the first light of dawn. Color palette: warm gold and white tones. Pure art motif, no text, no borders, no UI elements. Aspect ratio 4:3."
core-dawnhaven-covenant.png,Morgenhort-Bund,"Fantasy trading card game illustration, digital-painterly style. A radiant covenant altar of white stone connecting an entire army with healing morning light. Color palette: warm gold and white tones. Pure art motif, no text, no borders, no UI elements. Aspect ratio 4:3."
core-dawnrise-champion.png,Morgenaufgangs-Champion,"Fantasy trading card game illustration, digital-painterly style. A radiant champion raising his sword high above his head as the sun rises behind him. Color palette: warm gold and white tones. Pure art motif, no text, no borders, no UI elements. Aspect ratio 4:3."
core-dawnrise-sanctuary.png,Morgenaufgangs-Heiligtum,"Fantasy trading card game illustration, digital-painterly style. A sanctuary flooded with golden morning light, featuring high, open archways. Color palette: warm gold and white tones. Pure art motif, no text, no borders, no UI elements. Aspect ratio 4:3."
core-dawnroot-blessing.png,Morgenwurzel-Segen,"Fantasy trading card game illustration, digital-painterly style. Golden light roots growing supportively from the ground, strengthening two nearby warriors simultaneously. Color palette: warm gold and white tones. Pure art motif, no text, no borders, no UI elements. Aspect ratio 4:3."
core-dawnward-standard.png,Morgenwacht-Feldzeichen,"Fantasy trading card game illustration, digital-painterly style. A towering, gold-trimmed military standard watching radiantly over a defended position. Color palette: warm gold and white tones. Pure art motif, no text, no borders, no UI elements. Aspect ratio 4:3."
core-dawnwell-archive.png,Morgenquell-Archiv,"Fantasy trading card game illustration, digital-painterly style. An archive fed by a glowing spring, with endless shelves of gold-trimmed scrolls. Color palette: warm gold and white tones. Pure art motif, no text, no borders, no UI elements. Aspect ratio 4:3."
core-direbrood-curse.png,Fluch der Unheilsbrut,"Fantasy trading card game illustration, digital-painterly style. A black-and-violet curse mist creeping like living brood over two marked creatures, draining them. Color palette: dark violet and deep black tones. Pure art motif, no text, no borders, no UI elements. Aspect ratio 4:3."
core-direful-clasp.png,Unheilvolle Spange,"Fantasy trading card game illustration, digital-painterly style. A dark, shimmering metallic clasp etched with ominous, sinister symbols. Color palette: neutral dark metal. Pure art motif, no text, no borders, no UI elements. Aspect ratio 4:3."
core-direful-siphon.png,Unheilvoller Aderlass,"Fantasy trading card game illustration, digital-painterly style. A bizarre instrument made of glass tubes and dark metal, slowly siphoning life force. Color palette: neutral dark metal, glowing crimson. Pure art motif, no text, no borders, no UI elements. Aspect ratio 4:3."
core-dominion-collar.png,Bann-Halsband,"Fantasy trading card game illustration, digital-painterly style. A heavy collar inscribed with binding runes, made of dull, dark metal. Color palette: neutral dark iron. Pure art motif, no text, no borders, no UI elements. Aspect ratio 4:3."
core-doomreap-edict.png,Verhängnisernte,"Fantasy trading card game illustration, digital-painterly style. A spectral scythe made of violet shadow striking down to ruthlessly harvest an enemy creature. Color palette: dark violet and deep black tones. Pure art motif, no text, no borders, no UI elements. Aspect ratio 4:3."
core-doubletide-snare.png,Doppelflutfessel,"Fantasy trading card game illustration, digital-painterly style. Two streams of swirling water snapping like shackles around the legs of two enemy creatures. Color palette: cool blue and turquoise tones. Pure art motif, no text, no borders, no UI elements. Aspect ratio 4:3."
core-duskbound-cairn.png,Dämmerbund-Kairn,"Fantasy trading card game illustration, digital-painterly style. A burial cairn built of grey stones in the last light of dusk, unleashing a shower of rubble upon collapse. Color palette: neutral stone grey, twilight violet. Pure art motif, no text, no borders, no UI elements. Aspect ratio 4:3."
core-duskglow-ward.png,Dämmerglut-Schutz,"Fantasy trading card game illustration, digital-painterly style. A softly glowing protective aura in twilight gold and violet surrounding a watchful figure. Color palette: warm gold and dark violet tones. Pure art motif, no text, no borders, no UI elements. Aspect ratio 4:3."
core-ember-briar.png,Glutdorn,"Fantasy trading card game illustration, digital-painterly style. A glowing thorny vine of fire suddenly bursting from the ground, piercing everything in the path of an attacking creature. Color palette: warm red and orange tones, fire. Pure art motif, no text, no borders, no UI elements. Aspect ratio 4:3."
core-ember-whelp.png,Glutwelpe,"Fantasy trading card game illustration, digital-painterly style. A small, impetuous dragon whelp with red-glowing scales, snorting its first sparks from its nostrils. Color palette: warm red and orange tones. Pure art motif, no text, no borders, no UI elements. Aspect ratio 4:3."
core-emberborn-sprinter.png,Flammengeborener Läufer,"Fantasy trading card game illustration, digital-painterly style. A runner creature born of pure flame, leaving a trail of glowing footprints as it sprints. Color palette: warm red and intense orange tones, fire. Pure art motif, no text, no borders, no UI elements. Aspect ratio 4:3."
core-emberclad-brand.png,Glutgewandtes Brandmal,"Fantasy trading card game illustration, digital-painterly style. A glowing brand symbol enveloping a creature in a garment of flickering embers, driving it to strike with lightning speed. Color palette: warm red and orange tones. Pure art motif, no text, no borders, no UI elements. Aspect ratio 4:3."
core-emberflash-bolt.png,Glutblitz-Bolzen,"Fantasy trading card game illustration, digital-painterly style. A bright, spark-showering fire bolt shooting crackling through the air, leaving a clarifying trail. Color palette: warm red and bright orange tones. Pure art motif, no text, no borders, no UI elements. Aspect ratio 4:3."
core-emberglass-ward.png,Glutglas-Schutzsiegel,"Fantasy trading card game illustration, digital-painterly style. A red-shimmering seal made of ember-fused glass, cased in dark metal. Color palette: neutral dark metal, glowing translucent red. Pure art motif, no text, no borders, no UI elements. Aspect ratio 4:3."
core-emberguard-brand.png,Glutwacht-Brandmal,"Fantasy trading card game illustration, digital-painterly style. A permanently branded ember symbol allowing a creature to react with watchful, lightning speed to any attack. Color palette: warm red and orange tones. Pure art motif, no text, no borders, no UI elements. Aspect ratio 4:3."
core-embermarch-brand.png,Glutmarsch-Brandmal,"Fantasy trading card game illustration, digital-painterly style. A briefly flaring brand driving a creature to a rapid, decisive first blow. Color palette: warm red and orange tones. Pure art motif, no text, no borders, no UI elements. Aspect ratio 4:3."
core-emberpaw-cub.png,Glutpranke,"Fantasy trading card game illustration, digital-painterly style. A swift wolf cub leaving glowing paw prints as it hastily chases across scorched grass. Color palette: warm red and orange tones, embers. Pure art motif, no text, no borders, no UI elements. Aspect ratio 4:3."
core-emberstride-brand.png,Glutschritt-Brandmal,"Fantasy trading card game illustration, digital-painterly style. Glowing footprints of ash permanently burning into the stride of a hurrying creature. Color palette: warm red and orange tones, grey ash. Pure art motif, no text, no borders, no UI elements. Aspect ratio 4:3."
core-emberwake-rally.png,Glutwach-Aufgebot,"Fantasy trading card game illustration, digital-painterly style. Two small, blazing light figures rising up in flight from a flaring call to arms. Color palette: warm red and orange tones. Pure art motif, no text, no borders, no UI elements. Aspect ratio 4:3."
core-endless-archive.png,Endloses Archiv,"Fantasy trading card game illustration, digital-painterly style. Endless rows of shelves disappearing into mist, filled with books and scrolls in a vast library hall. Color palette: neutral material tones, ancient paper, grey mist. Pure art motif, no text, no borders, no UI elements. Aspect ratio 4:3."
core-entropic-hollow.png,Entropische Leere,"Fantasy trading card game illustration, digital-painterly style. A formless, violet-black void cave slowly devouring all light in its surroundings. Color palette: dark violet and deep black tones. Pure art motif, no text, no borders, no UI elements. Aspect ratio 4:3."
core-farsight-lens.png,Weitsicht-Linse,"Fantasy trading card game illustration, digital-painterly style. A polished lens cased in brass, allowing a clear view into the far distance. Color palette: neutral material tones, brass, gold. Pure art motif, no text, no borders, no UI elements. Aspect ratio 4:3."
core-fire-jolt.png,Feuerstoß,"Fantasy trading card game illustration, digital-painterly style. A short, sharp burst of fire shooting like a whip from a clenched fist. Color palette: warm red and intense orange tones, fire. Pure art motif, no text, no borders, no UI elements. Aspect ratio 4:3."
core-flame-lance.png,Feuerlanze,"Fantasy trading card game illustration, digital-painterly style. A long, blazing lance made of pure fire piercing through its target with hissing heat. Color palette: warm red and intense orange tones. Pure art motif, no text, no borders, no UI elements. Aspect ratio 4:3."
core-flame-ridge.png,Flammenkuppe,"Fantasy trading card game illustration, digital-painterly style. A rugged mountain ridge with lava streams and smoking rifts in the red evening light. Color palette: neutral rock tones, flowing lava, red-orange sky. Pure art motif, no text, no borders, no UI elements. Aspect ratio 4:3."
core-flame-watch.png,Flammenwache,"Fantasy trading card game illustration, digital-painterly style. A watchful guardian with a burning torch standing motionless in front of a blazing gate of fire. Color palette: warm red and orange tones. Pure art motif, no text, no borders, no UI elements. Aspect ratio 4:3."
core-forgeheart-crucible.png,Schmiedeherz-Tiegel,"Fantasy trading card game illustration, digital-painterly style. A glowing crucible in the shape of a heart, with molten, forged fire pulsing from its interior. Color palette: neutral dark iron, pulsing orange. Pure art motif, no text, no borders, no UI elements. Aspect ratio 4:3."
core-forsaken-snare.png,Verlassene Falle,"Fantasy trading card game illustration, digital-painterly style. A rusted trapping snare half-buried in the soil with tensed teeth. Color palette: neutral material tones, rust, earth brown. Pure art motif, no text, no borders, no UI elements. Aspect ratio 4:3."
core-foundry-anvil.png,Schmiedeambos,"Fantasy trading card game illustration, digital-painterly style. A massive anvil marked by hammer blows in a spark-showering blacksmith forge. Color palette: neutral material tones, dark iron, bright sparks. Pure art motif, no text, no borders, no UI elements. Aspect ratio 4:3."
core-gloomweight-idol.png,Trübnisgewicht-Idol,"Fantasy trading card game illustration, digital-painterly style. A heavy idol carved from dark stone, radiating a depressing, gloomy aura. Color palette: neutral dark stone, faint purple gloom. Pure art motif, no text, no borders, no UI elements. Aspect ratio 4:3."
core-grasping-shadows.png,Greifende Schatten,"Fantasy trading card game illustration, digital-painterly style. Countless bony, shadowy hands reaching upward from a violet-black darkness. Color palette: dark violet and deep black tones. Pure art motif, no text, no borders, no UI elements. Aspect ratio 4:3."
core-grave-legion.png,Grablegion,"Fantasy trading card game illustration, digital-painterly style. Two bone-rattling skeleton thralls rising clattering from torn-open graves. Color palette: dark violet, deep black tones, ancient bone white. Pure art motif, no text, no borders, no UI elements. Aspect ratio 4:3."
core-grave-viper.png,Grabotter,"Fantasy trading card game illustration, digital-painterly style. A decaying viper with foul, toxic-dripping fangs gliding between mossy tombstones. Color palette: dark violet and deep black tones, sickly green venom. Pure art motif, no text, no borders, no UI elements. Aspect ratio 4:3."
core-gravebound-oracle.png,Grabgebundene Seherin,"Fantasy trading card game illustration, digital-painterly style. A resilient, grave-bound undead seer with an empty gaze, whose knowledge is finally freed only in death. Color palette: dark violet and black tones. Pure art motif, no text, no borders, no UI elements. Aspect ratio 4:3."
core-gravebound-shrine.png,Grabgebundener Schrein,"Fantasy trading card game illustration, digital-painterly style. A dilapidated shrine decorated with bones radiating an ominous aura, bursting explosively upon destruction. Color palette: dark violet, black tones, bone shards. Pure art motif, no text, no borders, no UI elements. Aspect ratio 4:3."
core-gravebound-warden.png,Grabgebundener Wärter,"Fantasy trading card game illustration, digital-painterly style. A bony warden chained to his grave standing immovably on guard before a crypt. Color palette: dark violet and deep black tones. Pure art motif, no text, no borders, no UI elements. Aspect ratio 4:3."
core-gravecall-summoner.png,Grabruf-Beschwörerin,"Fantasy trading card game illustration, digital-painterly style. An undead summoner calling for the dead beneath the earth with outstretched, skeletal fingers. Color palette: dark violet and deep black tones. Pure art motif, no text, no borders, no UI elements. Aspect ratio 4:3."
core-gravetide-obelisk.png,Grabflut-Obelisk,"Fantasy trading card game illustration, digital-painterly style. An obelisk covered in grave inscriptions, washed by tidal water, fracturing rifts into opposing structures as it crumbles. Color palette: neutral stone, cool blue water, dark purple cracks. Pure art motif, no text, no borders, no UI elements. Aspect ratio 4:3."
core-grimspawn-channeler.png,Grimmbrut-Kanalisiererin,"Fantasy trading card game illustration, digital-painterly style. A grim, undead channeler directing dark energy through decayed bones with raised hands. Color palette: dark violet and deep black tones. Pure art motif, no text, no borders, no UI elements. Aspect ratio 4:3."
core-grove-calf.png,Waldkalb,"Fantasy trading card game illustration, digital-painterly style. A young, gentle forest calf with moss-green fur grazing peacefully between tall ferns. Color palette: lush green and deep brown tones. Pure art motif, no text, no borders, no UI elements. Aspect ratio 4:3."
core-grove-elder.png,Hain-Ältester,"Fantasy trading card game illustration, digital-painterly style. An ancient, gnarled tree-keeper with bark-covered arms resting deeply rooted in the heart of a grove. Color palette: lush green and deep brown tones. Pure art motif, no text, no borders, no UI elements. Aspect ratio 4:3."
core-growth-totem.png,Wachstumstotem,"Fantasy trading card game illustration, digital-painterly style. A totem carved from intertwined roots, causing vibrant green vines to grow around itself. Color palette: neutral wood tones, lush green vines. Pure art motif, no text, no borders, no UI elements. Aspect ratio 4:3."
core-harbor-warden.png,Hafenwächter,"Fantasy trading card game illustration, digital-painterly style. A massive water spirit warden standing motionless at the pier of a mist-shrouded harbor. Color palette: cool blue and turquoise tones, grey mist. Pure art motif, no text, no borders, no UI elements. Aspect ratio 4:3."
core-healing-light.png,Heilendes Licht,"Fantasy trading card game illustration, digital-painterly style. A gentle, warm beam of light descending supportively over an exhausted figure. Color palette: warm gold and white tones. Pure art motif, no text, no borders, no UI elements. Aspect ratio 4:3."
core-hearthforge-anvil.png,Herdschmiede-Amboss,"Fantasy trading card game illustration, digital-painterly style. A warm blacksmith anvil illuminated by a domestic hearth fire in a cozy workshop. Color palette: neutral material tones, warm orange hearth fire. Pure art motif, no text, no borders, no UI elements. Aspect ratio 4:3."
core-hexbind-lash.png,Fluchband-Peitsche,"Fantasy trading card game illustration, digital-painterly style. A whip woven from black curse energy striking invisibly against the opponent's will. Color palette: dark violet and deep black tones. Pure art motif, no text, no borders, no UI elements. Aspect ratio 4:3."
core-hollow-ravager.png,Hohlwüter,"Fantasy trading card game illustration, digital-painterly style. A hollow-eyed, muscular demon plowing roaringly and unstoppably through everything in its path. Color palette: dark violet and deep black tones. Pure art motif, no text, no borders, no UI elements. Aspect ratio 4:3."
core-hollowbanish-verdict.png,Hohlbann-Verdikt,"Fantasy trading card game illustration, digital-painterly style. A violet-black portal of pure void tearing a hostile structure or entity permanently out of the world. Color palette: dark violet and deep black tones. Pure art motif, no text, no borders, no UI elements. Aspect ratio 4:3."
core-hollowbind-curse.png,Hohlbann-Fluch,"Fantasy trading card game illustration, digital-painterly style. A hollow, binding curse of black smoke wrapping suffocatingly around its cursed prey. Color palette: dark violet and deep black tones, dark smoke. Pure art motif, no text, no borders, no UI elements. Aspect ratio 4:3."
core-hollowcurse-brand.png,Hohlfluch-Brandmal,"Fantasy trading card game illustration, digital-painterly style. A hollowed, curse-laden brand mark glowing violet on rotting wood. Color palette: dark violet and deep black tones. Pure art motif, no text, no borders, no UI elements. Aspect ratio 4:3."
core-hollowdepth-warden.png,Hohltiefen-Wächterin,"Fantasy trading card game illustration, digital-painterly style. An undead warden with outstretched, claw-like arms guarding the depths of a hollow crypt. Color palette: dark violet and deep black tones. Pure art motif, no text, no borders, no UI elements. Aspect ratio 4:3."
core-hollowdrain-oath.png,Hohlsog-Schwur,"Fantasy trading card game illustration, digital-painterly style. A dark oath drawing life force from the void and binding it permanently to a creature. Color palette: dark violet and deep black tones. Pure art motif, no text, no borders, no UI elements. Aspect ratio 4:3."
core-hollowdusk-shrine.png,Hohldämmerungs-Schrein,"Fantasy trading card game illustration, digital-painterly style. A hollowed shrine lying in eternal dusk, radiating a deep violet twilight. Color palette: dark violet and deep black tones. Pure art motif, no text, no borders, no UI elements. Aspect ratio 4:3."
core-hollowed-locket.png,Ausgehöhltes Medaillon,"Fantasy trading card game illustration, digital-painterly style. An empty, hollowed locket made of tarnished silver dangling lightly on a chain. Color palette: neutral material tones, tarnished silver. Pure art motif, no text, no borders, no UI elements. Aspect ratio 4:3."
core-hollowed-satchel.png,Hohle Satteltasche,"Fantasy trading card game illustration, digital-painterly style. A worn, empty satchel made of cracked leather lying carelessly on dusty ground. Color palette: neutral material tones, cracked leather brown. Pure art motif, no text, no borders, no UI elements. Aspect ratio 4:3."
core-hollowmarch-reaver.png,Hohlmarsch-Plünderer,"Fantasy trading card game illustration, digital-painterly style. A gaunt, undead reaver marching with a hollow gaze through a deserted battlefield. Color palette: dark violet and deep black tones. Pure art motif, no text, no borders, no UI elements. Aspect ratio 4:3."
core-hollowmaw-devourer.png,Hohlrachen-Verschlinger,"Fantasy trading card game illustration, digital-painterly style. A massive, undead beast monstrosity with a gaping hollow maw devouring everything while new life force surges into its decayed veins. Color palette: dark violet, deep black tones, crimson energy. Pure art motif, no text, no borders, no UI elements. Aspect ratio 4:3."
core-hollowreach-oath.png,Hohlgriff-Schwur,"Fantasy trading card game illustration, digital-painterly style. A dark oath causing bony, reaching arms to grow permanently from the shadow of a creature. Color palette: dark violet and deep black tones. Pure art motif, no text, no borders, no UI elements. Aspect ratio 4:3."
core-hollowreach-stalker.png,Hohlgriff-Pirscher,"Fantasy trading card game illustration, digital-painterly style. A gaunt, undead stalker with excessively long arms lurking motionless at the edge of the battlefield. Color palette: dark violet and deep black tones. Pure art motif, no text, no borders, no UI elements. Aspect ratio 4:3."
core-hollowveil-reaver.png,Hohlschleier-Plünderer,"Fantasy trading card game illustration, digital-painterly style. A reaver wrapped in a shredded, hollow veil striking back automatically when wounded. Color palette: dark violet and deep black tones. Pure art motif, no text, no borders, no UI elements. Aspect ratio 4:3."
core-hollowvein-mantle.png,Hohlader-Mantel,"Fantasy trading card game illustration, digital-painterly style. A mantle made of pulsating, dark veins wrapping around its wearer like a second entity. Color palette: dark violet and deep black tones. Pure art motif, no text, no borders, no UI elements. Aspect ratio 4:3."
core-husk-crawler.png,Hüllenkriecher,"Fantasy trading card game illustration, digital-painterly style. A dried-out, crawling body husk moving jerkily across the dusty floor. Color palette: dark violet and deep black tones. Pure art motif, no text, no borders, no UI elements. Aspect ratio 4:3."
core-inferno-surge.png,Feuersturz,"Fantasy trading card game illustration, digital-painterly style. A massive, free-willed wave of fire crashing down like a burning avalanche upon its target. Color palette: warm red and intense orange tones, fire. Pure art motif, no text, no borders, no UI elements. Aspect ratio 4:3."
core-iron-standard.png,Eisernes Feldzeichen,"Fantasy trading card game illustration, digital-painterly style. A simple military standard forged from solid iron stands firmly anchored in the ground. Color palette: neutral material tones, iron grey. Pure art motif, no text, no borders, no UI elements. Aspect ratio 4:3."
core-ironforge-loom.png,Eisenschmiede-Webstuhl,"Fantasy trading card game illustration, digital-painterly style. A massive loom made of iron and chain links clankingly weaving armor garments. Color palette: neutral material tones, dark iron, metallic grey. Pure art motif, no text, no borders, no UI elements. Aspect ratio 4:3."
core-ironhide-banner.png,Eisenhaut-Banner,"Fantasy trading card game illustration, digital-painterly style. A tough banner made of tanned, iron-hard beast hide waving stiffly in the wind over the field. Color palette: neutral material tones, tough brown hide. Pure art motif, no text, no borders, no UI elements. Aspect ratio 4:3."
core-ironhide-bison.png,Eisenhaut-Bison,"Fantasy trading card game illustration, digital-painterly style. A massive bison with thick, iron-hard armored skin stomping heavily across the plain. Color palette: lush green and deep brown tones. Pure art motif, no text, no borders, no UI elements. Aspect ratio 4:3."
core-leaden-toll.png,Bleierner Zoll,"Fantasy trading card game illustration, digital-painterly style. A heavy, lead scale with clanking weights relentlessly demanding its toll. Color palette: neutral material tones, lead grey. Pure art motif, no text, no borders, no UI elements. Aspect ratio 4:3."
core-leechspawn.png,Blutbrut,"Fantasy trading card game illustration, digital-painterly style. A slimy, blood-hungry undead brood latching onto its victim with a tooth-lined mouth. Color palette: dark violet, deep black tones, crimson blood. Pure art motif, no text, no borders, no UI elements. Aspect ratio 4:3."
core-light-altar.png,Lichtaltar,"Fantasy trading card game illustration, digital-painterly style. A temple altar flooded with warm, golden light, featuring tall, white columns. Color palette: neutral stone material tones, warm gold, white. Pure art motif, no text, no borders, no UI elements. Aspect ratio 4:3."
core-lucent-retaliator.png,Leuchtende Vergelterin,"Fantasy trading card game illustration, digital-painterly style. A luminous female cleric with a raised shield reflecting holy light back like a counter-strike. Color palette: warm gold and white tones. Pure art motif, no text, no borders, no UI elements. Aspect ratio 4:3."
core-mantle-of-thorns.png,Dornenmantel,"Fantasy trading card game illustration, digital-painterly style. A dense mantle woven from sharp thorns wrapping protectively around a creature. Color palette: lush green and deep brown tones. Pure art motif, no text, no borders, no UI elements. Aspect ratio 4:3."
core-mind-rot.png,Geistesfäule,"Fantasy trading card game illustration, digital-painterly style. A foul, violet mist creeping into the mind of the opponent, rotting memories. Color palette: dark violet and deep black tones. Pure art motif, no text, no borders, no UI elements. Aspect ratio 4:3."
core-mistveil-trickster.png,Nebelschleier-Gauklerin,"Fantasy trading card game illustration, digital-painterly style. A blurred, ghostly female trickster gliding silently through dense mist above the water. Color palette: cool blue, turquoise tones, grey mist. Pure art motif, no text, no borders, no UI elements. Aspect ratio 4:3."
core-moltenscale-graft.png,Schmelzschuppen-Veredelung,"Fantasy trading card game illustration, digital-painterly style. Glowing molten scales permanently growing into the skin of a creature, granting raw power. Color palette: warm red and intense orange tones, embers. Pure art motif, no text, no borders, no UI elements. Aspect ratio 4:3."
core-moonlit-augury.png,Mondlicht-Weissagung,"Fantasy trading card game illustration, digital-painterly style. A female druid reading signs from leaves and the path of the stars in the silver moonlight. Color palette: lush green, deep brown, shimmering silver moonlight. Pure art motif, no text, no borders, no UI elements. Aspect ratio 4:3."
core-moss-elder.png,Moosältester,"Fantasy trading card game illustration, digital-painterly style. A tree-keeper heavily overgrown with thick, green moss standing still in the shaded undergrowth. Color palette: lush green and deep brown tones. Pure art motif, no text, no borders, no UI elements. Aspect ratio 4:3."
core-mossheart-grove.png,Moosherz-Hain,"Fantasy trading card game illustration, digital-painterly style. A grove covered in soft moss pulsating with the gentle heartbeat of the forest. Color palette: lush green and deep brown tones. Pure art motif, no text, no borders, no UI elements. Aspect ratio 4:3."
core-mosswake-drifter.png,Moosweck-Streunerin,"Fantasy trading card game illustration, digital-painterly style. A drifting plant creature made of moss and vines, leaving behind a new, young shoot upon passing away. Color palette: lush green and deep brown tones. Pure art motif, no text, no borders, no UI elements. Aspect ratio 4:3."
core-myriad-cog.png,Vielfaches Zahnrad,"Fantasy trading card game illustration, digital-painterly style. An intricate clockwork mechanism made of countless interlocking gears in constant motion. Color palette: neutral material tones, brass, copper, steel. Pure art motif, no text, no borders, no UI elements. Aspect ratio 4:3."
core-overgrowth-colossus.png,Wucherkoloss,"Fantasy trading card game illustration, digital-painterly style. A gigantic colossus overgrown with rampant greenery, crushing the ground with every step. Color palette: lush green and deep brown tones. Pure art motif, no text, no borders, no UI elements. Aspect ratio 4:3."
core-pit-reaver.png,Gruben-Plünderer,"Fantasy trading card game illustration, digital-painterly style. A swift raider nimbly climbing out of a dark pit and immediately rushing to attack. Color palette: dark violet and deep black tones. Pure art motif, no text, no borders, no UI elements. Aspect ratio 4:3."
core-plaguebound-wretch.png,Seuchengebundener Wicht,"Fantasy trading card game illustration, digital-painterly style. A sickly wretch covered in plague pustules limping through pestilent alleys. Color palette: dark violet and deep black tones, sickly yellow accents. Pure art motif, no text, no borders, no UI elements. Aspect ratio 4:3."
core-pyreblast-cannon.png,Feuerofen-Kanonade,"Fantasy trading card game illustration, digital-painterly style. A massive, glowing fire cannon discharging with an all-consuming explosion. Color palette: warm red and intense orange tones, fire. Pure art motif, no text, no borders, no UI elements. Aspect ratio 4:3."
core-radiant-insight.png,Strahlende Einsicht,"Fantasy trading card game illustration, digital-painterly style. A radiant cone of light briefly illuminating the thoughts of a praying figure with new insight. Color palette: warm gold and bright white tones. Pure art motif, no text, no borders, no UI elements. Aspect ratio 4:3."
core-radiant-mercy.png,Strahlende Gnade,"Fantasy trading card game illustration, digital-painterly style. A massive, golden radiant glow enveloping an exhausted warrior with deep healing. Color palette: warm gold and white tones. Pure art motif, no text, no borders, no UI elements. Aspect ratio 4:3."
core-raidhorn-berserker.png,Sturmruf-Berserker,"Fantasy trading card game illustration, digital-painterly style. A wildly roaring berserker blowing into a war horn and charging headlong into battle. Color palette: warm red and orange tones. Pure art motif, no text, no borders, no UI elements. Aspect ratio 4:3."
core-reckless-charge.png,Waghalsiger Sturmlauf,"Fantasy trading card game illustration, digital-painterly style. A reckless warrior charging without regard with a waving cloak against enemy lines. Color palette: warm red and orange tones. Pure art motif, no text, no borders, no UI elements. Aspect ratio 4:3."
core-riftfin-duelist.png,Riftflossen-Duellant,"Fantasy trading card game illustration, digital-painterly style. A water spirit with razor-sharp fins darting out lightning-fast from a tidal rift. Color palette: cool blue and turquoise tones. Pure art motif, no text, no borders, no UI elements. Aspect ratio 4:3."
core-riptide-purge.png,Doppelflut,"Fantasy trading card game illustration, digital-painterly style. Two massive, opposing tidal waves washing enemy creatures back onto the open sea. Color palette: cool blue and turquoise tones. Pure art motif, no text, no borders, no UI elements. Aspect ratio 4:3."
core-riptide-shackles.png,Flutschellen,"Fantasy trading card game illustration, digital-painterly style. Heavy, dripping water shackles winding clankingly around wrists and ankles. Color palette: cool blue and turquoise tones. Pure art motif, no text, no borders, no UI elements. Aspect ratio 4:3."
core-riptide-snare.png,Flutfessel,"Fantasy trading card game illustration, digital-painterly style. A sudden current vortex snapping bindingly around the legs of an enemy creature. Color palette: cool blue and turquoise tones. Pure art motif, no text, no borders, no UI elements. Aspect ratio 4:3."
core-rootbane-wither.png,Wurzelbann-Fäulnis,"Fantasy trading card game illustration, digital-painterly style. Brown-black rot creeping like withering roots over a creature, slowly wasting it away. Color palette: lush green, deep brown tones, decaying black. Pure art motif, no text, no borders, no UI elements. Aspect ratio 4:3."
core-rootbound-effigy.png,Wurzelgebundene Effigie,"Fantasy trading card game illustration, digital-painterly style. An effigy carved from intertwined wood roots standing firmly rooted in the loamy forest floor. Color palette: neutral wood tones, earth brown. Pure art motif, no text, no borders, no UI elements. Aspect ratio 4:3."
core-rootbound-mark.png,Wurzelgebundenes Mal,"Fantasy trading card game illustration, digital-painterly style. A permanent root mark growing deep into the skin of a creature, granting it unstoppable impact force. Color palette: lush green and deep brown tones. Pure art motif, no text, no borders, no UI elements. Aspect ratio 4:3."
core-rootbound-sentinel.png,Wurzelgebundener Wächter,"Fantasy trading card game illustration, digital-painterly style. A tree-keeper sentinel deeply rooted in the ground, standing immovably as a living wall. Color palette: lush green and deep brown tones. Pure art motif, no text, no borders, no UI elements. Aspect ratio 4:3."
core-rootgrowth-idol.png,Wurzelwuchs-Idol,"Fantasy trading card game illustration, digital-painterly style. A weathered stone idol overgrown with young root shoots in the forest shade. Color palette: neutral stone, mossy green, earth brown. Pure art motif, no text, no borders, no UI elements. Aspect ratio 4:3."
core-rootrot-curse.png,Fluch der Wurzelfäule,"Fantasy trading card game illustration, digital-painterly style. A foul, brown curse slowly rotting the roots and vines of a hexed creature. Color palette: lush green, decaying brown tones. Pure art motif, no text, no borders, no UI elements. Aspect ratio 4:3."
core-rootwake-shrine.png,Wurzelweck-Schrein,"Fantasy trading card game illustration, digital-painterly style. A shrine entwined by ancient, awakening roots deep in the heart of the forest. Color palette: lush green and deep brown tones. Pure art motif, no text, no borders, no UI elements. Aspect ratio 4:3."
core-rot-touched-stalker.png,Fäulnisberührter Pirscher,"Fantasy trading card game illustration, digital-painterly style. A decay-marked undead stalker sneaking with foul breath through the undergrowth. Color palette: dark violet and deep black tones, rotting green highlights. Pure art motif, no text, no borders, no UI elements. Aspect ratio 4:3."
core-sanctified-remains.png,Geweihte Gebeine,"Fantasy trading card game illustration, digital-painterly style. Sanctified remains wrapped in golden light resting on a simple altar stone. Color palette: warm gold, white tones, neutral stone grey. Pure art motif, no text, no borders, no UI elements. Aspect ratio 4:3."
core-sanctum-ward.png,Heiligtums-Schutz,"Fantasy trading card game illustration, digital-painterly style. A luminous protective circle of golden light enclosing a watchful creature in front of a sanctuary. Color palette: warm gold and white tones. Pure art motif, no text, no borders, no UI elements. Aspect ratio 4:3."
core-scorch-bolt.png,Sengender Bolzen,"Fantasy trading card game illustration, digital-painterly style. A searing, orange-red bolt of fire hissing through the air with scorching heat. Color palette: warm red and intense orange tones. Pure art motif, no text, no borders, no UI elements. Aspect ratio 4:3."
core-searing-curse.png,Sengender Fluch,"Fantasy trading card game illustration, digital-painterly style. Scorching, red tongues of flame briefly settling cursing over an enemy creature, weakening it. Color palette: warm red and orange tones. Pure art motif, no text, no borders, no UI elements. Aspect ratio 4:3."
core-second-wind.png,Zweiter Atem,"Fantasy trading card game illustration, digital-painterly style. An exhausted warrior taking a deep breath in the warm light, rising with new strength. Color palette: warm gold and white tones. Pure art motif, no text, no borders, no UI elements. Aspect ratio 4:3."
core-seedling-swarm.png,Schwarm der Sprösslinge,"Fantasy trading card game illustration, digital-painterly style. Two small, green seedlings sharply sprouting upward from the forest floor. Color palette: lush green and deep brown tones. Pure art motif, no text, no borders, no UI elements. Aspect ratio 4:3."
core-shackleweight-idol.png,Fesselgewicht-Idol,"Fantasy trading card game illustration, digital-painterly style. A heavy idol with chained weights pressing down any adversary. Color palette: neutral material tones, iron grey, stone grey. Pure art motif, no text, no borders, no UI elements. Aspect ratio 4:3."
core-silence-ban.png,Bann des Schweigens,"Fantasy trading card game illustration, digital-painterly style. A violet silence settling suffocatingly over a casting spell, choking it in its infancy. Color palette: dark violet and deep black tones. Pure art motif, no text, no borders, no UI elements. Aspect ratio 4:3."
core-silence-veil.png,Schleier des Schweigens,"Fantasy trading card game illustration, digital-painterly style. A wide, black-violet veil settling paralyzingly over the entire magical stack, choking any effect. Color palette: dark violet and deep black tones. Pure art motif, no text, no borders, no UI elements. Aspect ratio 4:3."
core-silence-ward.png,Stiller Bann,"Fantasy trading card game illustration, digital-painterly style. A muffled, dark silence swallowing an activated or triggered ability at the last moment. Color palette: dark violet and deep black tones. Pure art motif, no text, no borders, no UI elements. Aspect ratio 4:3."
core-silt-warden.png,Schlickwächterin,"Fantasy trading card game illustration, digital-painterly style. A silt-covered, small octopus lurking motionless in the murky sediment of a river delta. Color palette: cool blue and turquoise tones, murky browns. Pure art motif, no text, no borders, no UI elements. Aspect ratio 4:3."
core-skyclad-anvil.png,Himmelsgewandter Amboss,"Fantasy trading card game illustration, digital-painterly style. An anvil built on a floating platform, surrounded by clouds and wind. Color palette: neutral material tones, sky blue, white clouds. Pure art motif, no text, no borders, no UI elements. Aspect ratio 4:3."
core-skyforge-standard.png,Himmelsschmiede-Feldzeichen,"Fantasy trading card game illustration, digital-painterly style. A towering military standard featuring an anvil symbol fluttering in the high altitude wind. Color palette: neutral material tones, sky blue, metallic tones. Pure art motif, no text, no borders, no UI elements. Aspect ratio 4:3."
core-skyward-ward.png,Himmelswärts-Schutz,"Fantasy trading card game illustration, digital-painterly style. An ascending, golden beam of light stretching a creature protectively toward the heavens. Color palette: warm gold and white tones. Pure art motif, no text, no borders, no UI elements. Aspect ratio 4:3."
core-skywatch-lattice.png,Himmelswacht-Gitterwerk,"Fantasy trading card game illustration, digital-painterly style. A delicate, metallic lattice structure on top of a tower looking watchfully into the wide sky. Color palette: neutral metallic tones, sky grey. Pure art motif, no text, no borders, no UI elements. Aspect ratio 4:3."
core-soul-drainer.png,Seelenzehrer,"Fantasy trading card game illustration, digital-painterly style. A gaunt, violet-shimmering demon pulling the soul out of its victims with outstretched claws. Color palette: dark violet and deep black tones. Pure art motif, no text, no borders, no UI elements. Aspect ratio 4:3."
core-soul-siphon.png,Seelenzapfer,"Fantasy trading card game illustration, digital-painterly style. A dark energy beam siphoning life force from a target, channeling it back to the caster. Color palette: dark violet and deep black tones, faint crimson. Pure art motif, no text, no borders, no UI elements. Aspect ratio 4:3."
core-soulbound-embrace.png,Seelengebundene Umarmung,"Fantasy trading card game illustration, digital-painterly style. Two shadowy, soul-bound arms enfolding a creature in a caring yet eerie embrace. Color palette: dark violet and deep black tones. Pure art motif, no text, no borders, no UI elements. Aspect ratio 4:3."
core-soulforged-censer.png,Seelengeschmiedetes Räuchergefäß,"Fantasy trading card game illustration, digital-painterly style. An elaborately forged censer letting violet, soul-heavy smoke rise up. Color palette: neutral material tones, dark metal, violet smoke. Pure art motif, no text, no borders, no UI elements. Aspect ratio 4:3."
core-sporewing-strider.png,Sporenschwinge,"Fantasy trading card game illustration, digital-painterly style. A light plant creature with spore-dusted, translucent wings floating over mushroom meadows. Color palette: lush green, earthy brown, glowing fungal spores. Pure art motif, no text, no borders, no UI elements. Aspect ratio 4:3."
core-stonebark-elder.png,Steinrinden-Ältester,"Fantasy trading card game illustration, digital-painterly style. A massive, stone-hard tree elder with cracked bark standing guard like a living rock. Color palette: lush green and deep brown tones, stone grey. Pure art motif, no text, no borders, no UI elements. Aspect ratio 4:3."
core-stoneguard-paragon.png,Steinwacht-Musterbild,"Fantasy trading card game illustration, digital-painterly style. A golem carved from grey rock growing further in stature with each accumulated growth surge. Color palette: lush green, deep brown, rocky grey. Pure art motif, no text, no borders, no UI elements. Aspect ratio 4:3."
core-storm-strider.png,Sturmschreiter,"Fantasy trading card game illustration, digital-painterly style. A creature formed of a raging firestorm chasing with lightning speed across the plain. Color palette: warm red and intense orange tones, electric sparks. Pure art motif, no text, no borders, no UI elements. Aspect ratio 4:3."
core-sun-acolyte.png,Sonnenschwester,"Fantasy trading card game illustration, digital-painterly style. A female cleric in sun-yellow attire directing healing light directly back into her own wounds. Color palette: warm gold and white tones. Pure art motif, no text, no borders, no UI elements. Aspect ratio 4:3."
core-sunblade-vanguard.png,Sonnenklingen-Vorhut,"Fantasy trading card game illustration, digital-painterly style. A female vanguard with a blade sparkling in the sunlight, striking first. Color palette: warm gold and white tones. Pure art motif, no text, no borders, no UI elements. Aspect ratio 4:3."
core-sunfall-martyr.png,Sonnenfall-Märtyrerin,"Fantasy trading card game illustration, digital-painterly style. A self-sacrificing female martyr radiating a final, healing sunlight over her allies as she falls. Color palette: warm gold and white tones. Pure art motif, no text, no borders, no UI elements. Aspect ratio 4:3."
core-sunforged-colossus.png,Sonnengeschmiedeter Koloss,"Fantasy trading card game illustration, digital-painterly style. A massive colossus forged from gold-glowing metal, stomping unstoppably through battle ranks. Color palette: warm gold and white tones, molten metal. Pure art motif, no text, no borders, no UI elements. Aspect ratio 4:3."
core-sunhaven-guard.png,Sonnenhort-Wache,"Fantasy trading card game illustration, digital-painterly style. A guard with a long spear standing before a sunlit haven, fending off attacks from afar. Color palette: warm gold and white tones. Pure art motif, no text, no borders, no UI elements. Aspect ratio 4:3."
core-sunlit-canopy.png,Sonnendach,"Fantasy trading card game illustration, digital-painterly style. A canopy of leaves flooded by translucent, golden light providing protection over an entire host. Color palette: warm gold and white tones, vibrant tree canopy. Pure art motif, no text, no borders, no UI elements. Aspect ratio 4:3."
core-sunlit-vigil.png,Sonnenlicht-Wache,"Fantasy trading card game illustration, digital-painterly style. A guard in radiant white armor holding the position upright and watchfully in the sunlight. Color palette: warm gold and white tones. Pure art motif, no text, no borders, no UI elements. Aspect ratio 4:3."
core-sunveil-mantle.png,Sonnenschleier-Mantel,"Fantasy trading card game illustration, digital-painterly style. A slightly shimmering, sun-drenched veil mantle wrapping protectively around a figure. Color palette: warm gold and white tones. Pure art motif, no text, no borders, no UI elements. Aspect ratio 4:3."
core-sunward-vanguard.png,Sonnenwärts-Vorkämpferin,"Fantasy trading card game illustration, digital-painterly style. A female vanguard pointing her weapon toward the sun, channeling healing light back into her own body. Color palette: warm gold and white tones. Pure art motif, no text, no borders, no UI elements. Aspect ratio 4:3."
core-sunwatch-canopy.png,Sonnenwacht-Blätterdach,"Fantasy trading card game illustration, digital-painterly style. A watchful, light-flooded canopy of leaves towering high over a sacred grove. Color palette: warm gold, white, and lush green tones. Pure art motif, no text, no borders, no UI elements. Aspect ratio 4:3."
core-tariff-spire.png,Zollturm,"Fantasy trading card game illustration, digital-painterly style. A high tower washed by tidal water, demanding strict toll from anyone who passes. Color palette: cool blue, turquoise tones, neutral stone. Pure art motif, no text, no borders, no UI elements. Aspect ratio 4:3."
core-temple-sentinel.png,Tempelwächter,"Fantasy trading card game illustration, digital-painterly style. A massive sentinel made of white stone standing unflinchingly before the gates of a holy temple. Color palette: warm gold, white tones, marble stone. Pure art motif, no text, no borders, no UI elements. Aspect ratio 4:3."
core-thicket-fang.png,Dickichtreißzahn,"Fantasy trading card game illustration, digital-painterly style. A slender, poisonous-green snake with fatally dripping fangs winding through dense thicket. Color palette: lush green and deep brown tones. Pure art motif, no text, no borders, no UI elements. Aspect ratio 4:3."
core-thistlehide-healer.png,Distelfell-Heilerin,"Fantasy trading card game illustration, digital-painterly style. A thistle-furred healer beast drawing healing power from every combat with gentle claws. Color palette: lush green and deep brown tones. Pure art motif, no text, no borders, no UI elements. Aspect ratio 4:3."
core-thornback-warden.png,Dornwächter,"Fantasy trading card game illustration, digital-painterly style. A thorn-armed beast with long, spiky limbs keeping watchful lookout over the clearing. Color palette: lush green and deep brown tones. Pure art motif, no text, no borders, no UI elements. Aspect ratio 4:3."
core-thornbound-guard.png,Dorngebundene Wächterin,"Fantasy trading card game illustration, digital-painterly style. A beast warden entwined with thorny vines standing motionless on the forest path. Color palette: lush green and deep brown tones. Pure art motif, no text, no borders, no UI elements. Aspect ratio 4:3."
core-thornclad-ward.png,Dorngewandeter Schutz,"Fantasy trading card game illustration, digital-painterly style. A protective mantle densely covered with thorns granting its wearer raw, breaking-through impact force. Color palette: lush green and deep brown tones. Pure art motif, no text, no borders, no UI elements. Aspect ratio 4:3."
core-thornhide-brawler.png,Dornhaut-Raufbold,"Fantasy trading card game illustration, digital-painterly style. A coarse, thorn-skinned brawler plowing with brachial force through any obstacle. Color palette: lush green and deep brown tones. Pure art motif, no text, no borders, no UI elements. Aspect ratio 4:3."
core-thornrage-boar.png,Dornwut-Keiler,"Fantasy trading card game illustration, digital-painterly style. A furious, thorn-covered wild boar striking back reflexively whenever hit by a weapon. Color palette: lush green and deep brown tones. Pure art motif, no text, no borders, no UI elements. Aspect ratio 4:3."
core-thornreach-standard.png,Dorngriff-Feldzeichen,"Fantasy trading card game illustration, digital-painterly style. A military standard pole overgrown with thorny vines standing firmly rooted in the battlefield. Color palette: lush green and deep brown tones. Pure art motif, no text, no borders, no UI elements. Aspect ratio 4:3."
core-thornreach-strider.png,Dornreich-Wandler,"Fantasy trading card game illustration, digital-painterly style. A long-legged, thorn-armed beast roaming with wide steps through dense briars. Color palette: lush green and deep brown tones. Pure art motif, no text, no borders, no UI elements. Aspect ratio 4:3."
core-thornrush-sprinter.png,Dornhast-Flitzer,"Fantasy trading card game illustration, digital-painterly style. A swift, thorn-protected beast hastily rushing through the undergrowth. Color palette: lush green and deep brown tones. Pure art motif, no text, no borders, no UI elements. Aspect ratio 4:3."
core-thornseed-caller.png,Dornsaat-Ruferin,"Fantasy trading card game illustration, digital-painterly style. A female druid with a wreath of thornseed calling quiet conjuring words in the forest. Color palette: lush green and deep brown tones. Pure art motif, no text, no borders, no UI elements. Aspect ratio 4:3."
core-thornviper-skirmisher.png,Dornotter-Plänklerin,"Fantasy trading card game illustration, digital-painterly style. A fast thorn viper darting lightning-quick out of the undergrowth with a poisoned bite. Color palette: lush green and deep brown tones. Pure art motif, no text, no borders, no UI elements. Aspect ratio 4:3."
core-thornwarden-ascetic.png,Dornwart-Asket,"Fantasy trading card game illustration, digital-painterly style. An ascetic dressed in thorn robes meditating motionlessly amidst prickly vines. Color palette: lush green and deep brown tones. Pure art motif, no text, no borders, no UI elements. Aspect ratio 4:3."
core-thornwild-forager.png,Dornwild-Sammlerin,"Fantasy trading card game illustration, digital-painterly style. A wild female forager roaming the dense undergrowth with a willow basket full of thornberries. Color palette: lush green and deep brown tones. Pure art motif, no text, no borders, no UI elements. Aspect ratio 4:3."
core-tidal-insight.png,Flutweisheit,"Fantasy trading card game illustration, digital-painterly style. Two glowing water vortices forming characters of wisdom over a calm tide surface. Color palette: cool blue and turquoise tones. Pure art motif, no text, no borders, no UI elements. Aspect ratio 4:3."
core-tidal-rebuke.png,Gezeitenschelte,"Fantasy trading card game illustration, digital-painterly style. A sudden tidal wave tearing a creature back, effortlessly washing it into the owner's hand. Color palette: cool blue and turquoise tones. Pure art motif, no text, no borders, no UI elements. Aspect ratio 4:3."
core-tidal-renewal.png,Gezeitenerneuerung,"Fantasy trading card game illustration, digital-painterly style. Refreshing tidal water washing around an exhausted creature, dissolving its tension. Color palette: cool blue and turquoise tones. Pure art motif, no text, no borders, no UI elements. Aspect ratio 4:3."
core-tidal-serpent.png,Flutschlange,"Fantasy trading card game illustration, digital-painterly style. A long, turquoise-shimmering sea serpent rising far out of the waves to ward off attackers from afar. Color palette: cool blue and turquoise tones. Pure art motif, no text, no borders, no UI elements. Aspect ratio 4:3."
core-tidal-surge.png,Gezeitenschwall,"Fantasy trading card game illustration, digital-painterly style. A powerful tidal surge briefly washing around a creature, granting it raw impact force. Color palette: cool blue and turquoise tones. Pure art motif, no text, no borders, no UI elements. Aspect ratio 4:3."
core-tidalbound-growth.png,Flutgebundenes Wachstum,"Fantasy trading card game illustration, digital-painterly style. Turquoise tidal water permanently saturating a creature, letting it grow stronger. Color palette: cool blue and turquoise tones. Pure art motif, no text, no borders, no UI elements. Aspect ratio 4:3."
core-tidalguard-standard.png,Flutwacht-Feldzeichen,"Fantasy trading card game illustration, digital-painterly style. A high military standard washed by sea spray watching over a coastal fortress. Color palette: cool blue and turquoise tones. Pure art motif, no text, no borders, no UI elements. Aspect ratio 4:3."
core-tide-cove.png,Gezeitenbucht,"Fantasy trading card game illustration, digital-painterly style. A calm, turquoise-blue cove with gently rolling waves against a rocky shore. Color palette: neutral stone material tones, cool blue water. Pure art motif, no text, no borders, no UI elements. Aspect ratio 4:3."
core-tide-scout.png,Gezeitenkundschafter,"Fantasy trading card game illustration, digital-painterly style. A light-footed scout wading through shallow water, looking out over the tidal cove. Color palette: cool blue and turquoise tones. Pure art motif, no text, no borders, no UI elements. Aspect ratio 4:3."
core-tide-warden.png,Gezeitenwächterin,"Fantasy trading card game illustration, digital-painterly style. A turquoise-attired female warden standing watchfully at the edge of a calm tidal lagoon. Color palette: cool blue and turquoise tones. Pure art motif, no text, no borders, no UI elements. Aspect ratio 4:3."
core-tidebane-wither.png,Flutbann-Fäulnis,"Fantasy trading card game illustration, digital-painterly style. Cold, foul tidal water slowly decomposing a creature's strength. Color palette: cool blue, turquoise tones, sickly dark rot. Pure art motif, no text, no borders, no UI elements. Aspect ratio 4:3."
core-tidebind-courser.png,Flutbann-Kurier,"Fantasy trading card game illustration, digital-painterly style. A swift water spirit courier gliding stream-fast over the wave surface. Color palette: cool blue and turquoise tones. Pure art motif, no text, no borders, no UI elements. Aspect ratio 4:3."
core-tideborn-remnant.png,Flutgeborenes Überbleibsel,"Fantasy trading card game illustration, digital-painterly style. A translucent remnant of a tide spirit dissolving into a final clarifying stream of water upon passing away. Color palette: cool blue and turquoise tones. Pure art motif, no text, no borders, no UI elements. Aspect ratio 4:3."
core-tidebound-archive.png,Flutgebundenes Archiv,"Fantasy trading card game illustration, digital-painterly style. An archive saturated by water with swollen yet still legible scrolls. Color palette: cool blue and turquoise tones, water-logged parchment. Pure art motif, no text, no borders, no UI elements. Aspect ratio 4:3."
core-tidebound-elegy.png,Flutgebundene Klage,"Fantasy trading card game illustration, digital-painterly style. A mournful, turquoise elegy figure floating over the calm waves of a sunken city. Color palette: cool blue and turquoise tones. Pure art motif, no text, no borders, no UI elements. Aspect ratio 4:3."
core-tidebound-vow.png,Flutgebundener Schwur,"Fantasy trading card game illustration, digital-painterly style. A solemn vow permanently binding healing tide power to a creature. Color palette: cool blue and turquoise tones. Pure art motif, no text, no borders, no UI elements. Aspect ratio 4:3."
core-tidecraft-charm.png,Flutwerk-Amulett,"Fantasy trading card game illustration, digital-painterly style. An amulet elaborately crafted from seashells and seaweed, shimmering in the interplay of tides. Color palette: cool blue, turquoise tones, seashell texture. Pure art motif, no text, no borders, no UI elements. Aspect ratio 4:3."
core-tidecrest-warden.png,Flutkamm-Wächterin,"Fantasy trading card game illustration, digital-painterly style. A female warden with a foam-crowned crest standing watchfully on a spray-washed rock. Color palette: cool blue and turquoise tones. Pure art motif, no text, no borders, no UI elements. Aspect ratio 4:3."
core-tidefang-sentinel.png,Flutzahn-Wächterin,"Fantasy trading card game illustration, digital-painterly style. A water spirit warden with sharp, tide-formed teeth striking lightning-fast. Color palette: cool blue and turquoise tones. Pure art motif, no text, no borders, no UI elements. Aspect ratio 4:3."
core-tidereader-oracle.png,Gezeitenleserin,"Fantasy trading card game illustration, digital-painterly style. A female seer foretelling coming events in the ripples of the tides. Color palette: cool blue and turquoise tones. Pure art motif, no text, no borders, no UI elements. Aspect ratio 4:3."
core-tidereave-current.png,Flutraub-Strömung,"Fantasy trading card game illustration, digital-painterly style. A tearing, all-carrying current robbing and bearing away foreign goods. Color palette: cool blue and turquoise tones. Pure art motif, no text, no borders, no UI elements. Aspect ratio 4:3."
core-tiderend-wave.png,Flutriss-Woge,"Fantasy trading card game illustration, digital-painterly style. A tearing wave breaking through an enemy structure, washing it back into the owner's hand. Color palette: cool blue and turquoise tones. Pure art motif, no text, no borders, no UI elements. Aspect ratio 4:3."
core-tideshaper-adept.png,Flutformerin,"Fantasy trading card game illustration, digital-painterly style. A skilled female shaper watchfully directing water currents with raised hands. Color palette: cool blue and turquoise tones. Pure art motif, no text, no borders, no UI elements. Aspect ratio 4:3."
core-tideshard-rogue.png,Flutscherben-Schleicherin,"Fantasy trading card game illustration, digital-painterly style. A ghostly female rogue made of shattered water glass sneaking silently between the waves. Color palette: cool blue and turquoise tones, glassy shards. Pure art motif, no text, no borders, no UI elements. Aspect ratio 4:3."
core-tideshell-warden.png,Flutschalen-Wächterin,"Fantasy trading card game illustration, digital-painterly style. A female warden enveloped in a hard seashell crouching protectively against the surf. Color palette: cool blue, turquoise tones, hard seashell grey. Pure art motif, no text, no borders, no UI elements. Aspect ratio 4:3."
core-tidespawn-caller.png,Flutbrut-Ruferin,"Fantasy trading card game illustration, digital-painterly style. A water spirit caller luring new brood from the deep currents with a clear voice. Color palette: cool blue and turquoise tones. Pure art motif, no text, no borders, no UI elements. Aspect ratio 4:3."
core-tidesurge-crasher.png,Gezeitensturm-Brecher,"Fantasy trading card game illustration, digital-painterly style. A massive octopus crashing with roaring force through any harbor wall in its way. Color palette: cool blue and turquoise tones. Pure art motif, no text, no borders, no UI elements. Aspect ratio 4:3."
core-tidewarden-sigil.png,Flutwart-Siegel,"Fantasy trading card game illustration, digital-painterly style. A luminous turquoise seal keeping its bearer always watchful over the swaying waves. Color palette: cool blue and turquoise tones. Pure art motif, no text, no borders, no UI elements. Aspect ratio 4:3."
core-tidewash-cleanse.png,Flutwäsche,"Fantasy trading card game illustration, digital-painterly style. Clear tidal water washing cleansing over a weakened creature, washing away wounds. Color palette: cool blue and turquoise tones. Pure art motif, no text, no borders, no UI elements. Aspect ratio 4:3."
core-tidewash-veil.png,Flutschleier,"Fantasy trading card game illustration, digital-painterly style. A thin, turquoise water veil laying shimmering over the battlefield. Color palette: cool blue and turquoise tones. Pure art motif, no text, no borders, no UI elements. Aspect ratio 4:3."
core-tidewell-cleric.png,Flutquell-Klerikerin,"Fantasy trading card game illustration, digital-painterly style. A female cleric at a holy tidal spring drawing healing power directly from the flowing water. Color palette: cool blue and turquoise tones. Pure art motif, no text, no borders, no UI elements. Aspect ratio 4:3."
core-tidewhip-skirmisher.png,Flutpeitschen-Plänklerin,"Fantasy trading card game illustration, digital-painterly style. A swift water spirit skirmisher whipping lightning-quick through the waves with foaming arms. Color palette: cool blue and turquoise tones. Pure art motif, no text, no borders, no UI elements. Aspect ratio 4:3."
core-tidewing-warden.png,Flutschwingen-Wächterin,"Fantasy trading card game illustration, digital-painterly style. A winged water spirit warden gliding over the surf with dripping wings. Color palette: cool blue and turquoise tones. Pure art motif, no text, no borders, no UI elements. Aspect ratio 4:3."
core-tidewrath-guardian.png,Flutzorn-Wächter,"Fantasy trading card game illustration, digital-painterly style. An angry water spirit guardian hurling a counter-wave back upon every hit. Color palette: cool blue and turquoise tones. Pure art motif, no text, no borders, no UI elements. Aspect ratio 4:3."
core-titanroot-canopy.png,Titanwurzel-Blätterdach,"Fantasy trading card game illustration, digital-painterly style. A massive canopy of leaves made of titanic, ancient roots spanning across the entire grove. Color palette: lush green and deep brown tones. Pure art motif, no text, no borders, no UI elements. Aspect ratio 4:3."
core-tithehall-warden.png,Zenhthallen-Hüterin,"Fantasy trading card game illustration, digital-painterly style. A strict female guardian watching over sacred tithes in a gold-trimmed tithe hall. Color palette: warm gold and white tones. Pure art motif, no text, no borders, no UI elements. Aspect ratio 4:3."
core-twin-cinder.png,Zwillingsglut,"Fantasy trading card game illustration, digital-painterly style. Two small, spark-showering embers shooting off simultaneously in different directions. Color palette: warm red and orange tones. Pure art motif, no text, no borders, no UI elements. Aspect ratio 4:3."
core-twinpath-cog.png,Zwiepfad-Zahnrad,"Fantasy trading card game illustration, digital-painterly style. A double, interlocking pair of gears rotating in opposite directions. Color palette: neutral material tones, brass, iron. Pure art motif, no text, no borders, no UI elements. Aspect ratio 4:3."
core-twinroot-blessing.png,Zwillingswurzel-Segen,"Fantasy trading card game illustration, digital-painterly style. Two radiant green root blessings growing simultaneously from the ground, strengthening two allies. Color palette: lush green and deep brown tones. Pure art motif, no text, no borders, no UI elements. Aspect ratio 4:3."
core-vanguard-standard.png,Vorhut-Feldzeichen,"Fantasy trading card game illustration, digital-painterly style. A highly raised military standard of the vanguard driving an entire host to lightning-fast attacks. Color palette: neutral material tones, iron grey. Pure art motif, no text, no borders, no UI elements. Aspect ratio 4:3."
core-venom-brand.png,Giftmal,"Fantasy trading card game illustration, digital-painterly style. A violet-black venom brand mark briefly burning into the claw or blade of a creature. Color palette: dark violet and deep black tones. Pure art motif, no text, no borders, no UI elements. Aspect ratio 4:3."
core-verdant-return.png,Grüne Wiederkehr,"Fantasy trading card game illustration, digital-painterly style. Fresh green life returns powerfully from the forest floor, letting old roots bloom anew. Color palette: lush green and deep brown tones. Pure art motif, no text, no borders, no UI elements. Aspect ratio 4:3."
core-verdant-shaman.png,Grünwuchs-Schamanin,"Fantasy trading card game illustration, digital-painterly style. A young female shaman with an ivy-entwined staff standing amidst freshly sprouting greenery. Color palette: lush green and deep brown tones. Pure art motif, no text, no borders, no UI elements. Aspect ratio 4:3."
core-vigilwave-charm.png,Wachsamkeitswoge,"Fantasy trading card game illustration, digital-painterly style. A gentle water wave keeping a creature briefly wide awake and ready to attack at the same time. Color palette: cool blue and turquoise tones. Pure art motif, no text, no borders, no UI elements. Aspect ratio 4:3."
core-vitalward-sigil.png,Lebenswacht-Siegel,"Fantasy trading card game illustration, digital-painterly style. A pulsating seal made of warm metal watchfully protecting its bearer's life force. Color palette: neutral material tones, warm copper, gold. Pure art motif, no text, no borders, no UI elements. Aspect ratio 4:3."
core-void-assassin.png,Leerenassassine,"Fantasy trading card game illustration, digital-painterly style. A shadowy female assassin from the void striking first and lightning-quick with a fatally poisoned blade. Color palette: dark violet and deep black tones. Pure art motif, no text, no borders, no UI elements. Aspect ratio 4:3."
core-void-covenant.png,Bund der Leere,"Fantasy trading card game illustration, digital-painterly style. A dark covenant with the void offering the caller a choice between damage, ruin, or insight. Color palette: dark violet and deep black tones. Pure art motif, no text, no borders, no UI elements. Aspect ratio 4:3."
core-void-marshal.png,Leerenmarschall,"Fantasy trading card game illustration, digital-painterly style. An undead marshal in tattered armor watchfully holding the position with a raised sword. Color palette: dark violet and deep black tones. Pure art motif, no text, no borders, no UI elements. Aspect ratio 4:3."
core-void-rift.png,Leerenspalte,"Fantasy trading card game illustration, digital-painterly style. A desolate, cracked landscape with a gaping violet-black rift into nothingness. Color palette: neutral waste tones, dark stone, deep violet rift. Pure art motif, no text, no borders, no UI elements. Aspect ratio 4:3."
core-voidtoll-shrine.png,Leerenzoll-Schrein,"Fantasy trading card game illustration, digital-painterly style. A sinister shrine in the middle of the void demanding its dark toll from anyone passing it. Color palette: dark violet and deep black tones. Pure art motif, no text, no borders, no UI elements. Aspect ratio 4:3."
core-wardflame-sentinel.png,Schildglut-Wächterin,"Fantasy trading card game illustration, digital-painterly style. A female warden with a golden glowing fire shield standing unflinchingly on guard. Color palette: warm gold and white tones, soft flame glow. Pure art motif, no text, no borders, no UI elements. Aspect ratio 4:3."
core-wardglow-censer.png,Schutzglut-Räuchergefäß,"Fantasy trading card game illustration, digital-painterly style. A warmly glowing censer dispersing protective, golden smoke. Color palette: neutral material tones, warm gold smoke. Pure art motif, no text, no borders, no UI elements. Aspect ratio 4:3."
core-warding-thorns.png,Wehrdorn-Hecke,"Fantasy trading card game illustration, digital-painterly style. An impenetrable hedge of sharp, defensive thorns protectively enclosing an entire territory. Color palette: lush green and deep brown tones. Pure art motif, no text, no borders, no UI elements. Aspect ratio 4:3."
core-wardlight-acolyte.png,Schutzlicht-Akolythin,"Fantasy trading card game illustration, digital-painterly style. A female acolyte with a luminous protection symbol standing watchfully before a sanctuary. Color palette: warm gold and white tones. Pure art motif, no text, no borders, no UI elements. Aspect ratio 4:3."
core-wardsteel-bastion.png,Wardstahl-Bollwerk,"Fantasy trading card game illustration, digital-painterly style. A massive bulwark made of dull steel standing like an impregnable fortress wall. Color palette: neutral material tones, dull steel grey. Pure art motif, no text, no borders, no UI elements. Aspect ratio 4:3."
core-wardstone-idol.png,Wardstein-Idol,"Fantasy trading card game illustration, digital-painterly style. A simple protection idol carved from grey wardstone standing at the edge of a camp. Color palette: neutral stone material tones, grey. Pure art motif, no text, no borders, no UI elements. Aspect ratio 4:3."
core-warforged-standard.png,Kriegsgeschmiedetes Feldzeichen,"Fantasy trading card game illustration, digital-painterly style. A military standard forged in countless battles, made of dented yet indestructible metal. Color palette: neutral material tones, battered iron. Pure art motif, no text, no borders, no UI elements. Aspect ratio 4:3."
core-warhorn-standard.png,Kriegshorn-Feldzeichen,"Fantasy trading card game illustration, digital-painterly style. A military standard equipped with a war horn ready to sound the attack. Color palette: neutral material tones, brass, iron. Pure art motif, no text, no borders, no UI elements. Aspect ratio 4:3."
core-wellhoard-forge.png,Hortquell-Schmiede,"Fantasy trading card game illustration, digital-painterly style. A wealthy forge at a bubbling spring, surrounded by hoarded treasures and smithing tools. Color palette: neutral material tones, warm golden treasures, cool water. Pure art motif, no text, no borders, no UI elements. Aspect ratio 4:3."
core-wellspring-charm.png,Quellzauber-Amulett,"Fantasy trading card game illustration, digital-painterly style. A small, clear amulet shimmering in the light of a bubbling spring. Color palette: neutral material tones, silver, clear water crystal. Pure art motif, no text, no borders, no UI elements. Aspect ratio 4:3."
core-wellspring-cistern.png,Quellzisterne,"Fantasy trading card game illustration, digital-painterly style. A stone cistern collecting the clear water of a nearby spring. Color palette: neutral stone material tones, clear water. Pure art motif, no text, no borders, no UI elements. Aspect ratio 4:3."
core-wild-glade.png,Wildlichtung,"Fantasy trading card game illustration, digital-painterly style. A sun-drenched forest clearing with tall grass and gnarled old trees. Color palette: neutral landscape tones, lush greens, sunbeam gold. Pure art motif, no text, no borders, no UI elements. Aspect ratio 4:3."
core-wildfire-boar.png,Wildfeuerkeiler,"Fantasy trading card game illustration, digital-painterly style. A wild boar with blazing bristles plowing burningly through dry undergrowth. Color palette: warm red and intense orange tones, fire. Pure art motif, no text, no borders, no UI elements. Aspect ratio 4:3."
core-wildgrowth-field.png,Wildwuchsfeld,"Fantasy trading card game illustration, digital-painterly style. A wide field full of rampantly sprawling, green wild growth extending to the horizon. Color palette: lush green and deep brown tones. Pure art motif, no text, no borders, no UI elements. Aspect ratio 4:3."
core-wildgrowth-surge.png,Wildwuchs-Schub,"Fantasy trading card game illustration, digital-painterly style. A sudden green growth surge making a creature's tendons and muscles swell powerfully. Color palette: lush green and deep brown tones. Pure art motif, no text, no borders, no UI elements. Aspect ratio 4:3."
core-wildheart-surge.png,Wildherz-Schwall,"Fantasy trading card game illustration, digital-painterly style. A wild green surge of power briefly flooding the heart of a fighting creature. Color palette: lush green and deep brown tones. Pure art motif, no text, no borders, no UI elements. Aspect ratio 4:3."
core-wildroot-banner.png,Wildwurzel-Banner,"Fantasy trading card game illustration, digital-painterly style. A banner formed from interwoven roots standing firmly anchored amidst wild growth. Color palette: lush green and deep brown tones. Pure art motif, no text, no borders, no UI elements. Aspect ratio 4:3."
core-wildroot-graft.png,Wildwurzel-Veredelung,"Fantasy trading card game illustration, digital-painterly style. Powerful green root vines grafting and growing into the musculature of a creature. Color palette: lush green and deep brown tones. Pure art motif, no text, no borders, no UI elements. Aspect ratio 4:3."
core-wildseed-grove.png,Wildsaat-Hain,"Fantasy trading card game illustration, digital-painterly style. An ancient grove full of germinating wild seeds ready to bring forth new life at any time. Color palette: lush green and deep brown tones. Pure art motif, no text, no borders, no UI elements. Aspect ratio 4:3."
core-wildwatch-oath.png,Wildwacht-Schwur,"Fantasy trading card game illustration, digital-painterly style. A wild oath keeping a creature briefly motionless yet unshakably on guard. Color palette: lush green and deep brown tones. Pure art motif, no text, no borders, no UI elements. Aspect ratio 4:3."
core-wings-of-dawn.png,Schwingen der Morgenröte,"Fantasy trading card game illustration, digital-painterly style. Light golden wings of dawn briefly growing from the back of a creature. Color palette: warm gold and white tones. Pure art motif, no text, no borders, no UI elements. Aspect ratio 4:3."
core-wisproot-cache.png,Wisproot-Cache,"Fantasy trading card game illustration, digital-painterly style. A hidden cache decorated with intricate root patterns, full of tiny glowing wisps. Color palette: neutral wood tones, glowing gold wisps. Pure art motif, no text, no borders, no UI elements. Aspect ratio 4:3."
core-wither-touch.png,Auszehrender Strom,"Fantasy trading card game illustration, digital-painterly style. A cold, draining stream of water washing grown strength away from a creature. Color palette: cool blue and turquoise tones. Pure art motif, no text, no borders, no UI elements. Aspect ratio 4:3."
core-witherfang-veil.png,Fäulzahn-Schleier,"Fantasy trading card game illustration, digital-painterly style. A foul violet veil making the teeth of a shrouded creature drip with venom. Color palette: dark violet and deep black tones, sickly green drops. Pure art motif, no text, no borders, no UI elements. Aspect ratio 4:3."
core-witherglass-idol.png,Welkglas-Idol,"Fantasy trading card game illustration, digital-painterly style. A cloudy, tarnished glass idol enclosing withered plant remnants. Color palette: neutral material tones, frosted glass, dead brown. Pure art motif, no text, no borders, no UI elements. Aspect ratio 4:3."
core-witherplague-shrine.png,Seuchenwelk-Schrein,"Fantasy trading card game illustration, digital-painterly style. A shrine afflicted by plague and decay, dispersing withering, violet rot vapors. Color palette: dark violet and deep black tones. Pure art motif, no text, no borders, no UI elements. Aspect ratio 4:3."
core-wraithbound-ledger.png,Schattengebundenes Kontobuch,"Fantasy trading card game illustration, digital-painterly style. A dark ledger with shadowy, moving characters on yellowed paper. Color palette: neutral material tones, dark leather, faint purple shadows. Pure art motif, no text, no borders, no UI elements. Aspect ratio 4:3."
core-wraithbound-manacle.png,Schattengebundene Fessel,"Fantasy trading card game illustration, digital-painterly style. A heavy iron shackle wrapped in shadow smoke lying cold on a stone pedestal. Color palette: neutral material tones, dark iron, dark violet smoke. Pure art motif, no text, no borders, no UI elements. Aspect ratio 4:3."
core-wraithcall-pact.png,Schattenruf-Pakt,"Fantasy trading card game illustration, digital-painterly style. A whispering pact with shadowy spirits draining life force from the opponent and revealing new knowledge. Color palette: dark violet and deep black tones. Pure art motif, no text, no borders, no UI elements. Aspect ratio 4:3."
core-wraithwing-stalker.png,Schwingenschatten,"Fantasy trading card game illustration, digital-painterly style. A shadowy spirit with translucent, dark wings gliding silently through the night. Color palette: dark violet and deep black tones. Pure art motif, no text, no borders, no UI elements. Aspect ratio 4:3."
core-zealous-vanguard.png,Eifervorhut,"Fantasy trading card game illustration, digital-painterly style. A zealous female vanguard with a golden shield charging impatiently first into battle. Color palette: warm gold and white tones. Pure art motif, no text, no borders, no UI elements. Aspect ratio 4:3."
